-- phpMyAdmin SQL Dump
-- version 4.0.4.1
-- http://www.phpmyadmin.net
--
-- Хост: 127.0.0.1
-- Время создания: Окт 12 2015 г., 16:58
-- Версия сервера: 5.5.32
-- Версия PHP: 5.4.16

SET SQL_MODE = "NO_AUTO_VALUE_ON_ZERO";
SET time_zone = "+00:00";


/*!40101 SET @OLD_CHARACTER_SET_CLIENT=@@CHARACTER_SET_CLIENT */;
/*!40101 SET @OLD_CHARACTER_SET_RESULTS=@@CHARACTER_SET_RESULTS */;
/*!40101 SET @OLD_COLLATION_CONNECTION=@@COLLATION_CONNECTION */;
/*!40101 SET NAMES utf8 */;

--
-- База данных: `iteh2lb1var2`
--
CREATE DATABASE IF NOT EXISTS `iteh2lb1var2` DEFAULT CHARACTER SET latin1 COLLATE latin1_swedish_ci;
USE `iteh2lb1var2`;

-- --------------------------------------------------------

--
-- Структура таблицы `groups`
--

CREATE TABLE IF NOT EXISTS `groups` (
  `ID_Groups` int(10) NOT NULL,
  `title` text NOT NULL,
  PRIMARY KEY (`ID_Groups`)
) ENGINE=InnoDB DEFAULT CHARSET=latin1;

--
-- Дамп данных таблицы `groups`
--

INSERT INTO `groups` (`ID_Groups`, `title`) VALUES
(1, 'KI-12-1'),
(2, 'KI-12-2'),
(3, 'KI-12-3'),
(4, 'KI-12-4'),
(5, 'KI-12-5');

-- --------------------------------------------------------

--
-- Структура таблицы `lesson`
--

CREATE TABLE IF NOT EXISTS `lesson` (
  `ID_Lesson` int(10) NOT NULL AUTO_INCREMENT,
  `week_day` text NOT NULL,
  `lesson_number` int(8) NOT NULL,
  `auditorium` text NOT NULL,
  `disciple` text NOT NULL,
  `type` enum('Lecture','Practical','Laboratory') NOT NULL,
  PRIMARY KEY (`ID_Lesson`)
) ENGINE=InnoDB DEFAULT CHARSET=latin1;

--
-- Дамп данных таблицы `lesson`
--

INSERT INTO `lesson` (`ID_Lesson`, `week_day`, `lesson_number`, `auditorium`, `disciple`, `type`) VALUES
(1, 'Monday', 3, '104i', 'Computer Networks', 'Lecture'),
(2, 'Monday', 4, '106i', 'Creation of Images and Sound', 'Lecture'),
(3, 'Monday', 5, '229', 'Internet Technologies', 'Laboratory'),
(4, 'Monday', 6, '229', 'Internet Technologies', 'Laboratory');

-- --------------------------------------------------------

--
-- Структура таблицы `lesson_groups`
--

CREATE TABLE IF NOT EXISTS `lesson_groups` (
  `FID_Lesson2` int(10) NOT NULL,
  `FID_Groups` int(10) NOT NULL
) ENGINE=InnoDB DEFAULT CHARSET=latin1;

--
-- Дамп данных таблицы `lesson_groups`
--

INSERT INTO `lesson_groups` (`FID_Lesson2`, `FID_Groups`) VALUES
(1, 1),
(1, 2),
(1, 3),
(1, 5),
(2, 3),
(2, 2),
(3, 3),
(4, 3),
(1, 4);

-- --------------------------------------------------------

--
-- Структура таблицы `lesson_teacher`
--

CREATE TABLE IF NOT EXISTS `lesson_teacher` (
  `FID_Teacher` int(10) NOT NULL,
  `FID_Lesson1` int(10) NOT NULL
) ENGINE=InnoDB DEFAULT CHARSET=latin1;

--
-- Дамп данных таблицы `lesson_teacher`
--

INSERT INTO `lesson_teacher` (`FID_Teacher`, `FID_Lesson1`) VALUES
(1, 1),
(2, 2),
(3, 3),
(3, 4);

-- --------------------------------------------------------

--
-- Структура таблицы `teacher`
--

CREATE TABLE IF NOT EXISTS `teacher` (
  `ID_Teacher` int(10) NOT NULL,
  `name` text NOT NULL,
  PRIMARY KEY (`ID_Teacher`)
) ENGINE=InnoDB DEFAULT CHARSET=latin1;

--
-- Дамп данных таблицы `teacher`
--

INSERT INTO `teacher` (`ID_Teacher`, `name`) VALUES
(1, 'Kovalenko A.A.'),
(2, 'Yankovskiy O.A.'),
(3, 'Ivaschenko G.S.');

/*!40101 SET CHARACTER_SET_CLIENT=@OLD_CHARACTER_SET_CLIENT */;
/*!40101 SET CHARACTER_SET_RESULTS=@OLD_CHARACTER_SET_RESULTS */;
/*!40101 SET COLLATION_CONNECTION=@OLD_COLLATION_CONNECTION */;
